账号,姓名,获得票数,是否投票(0否1是),密码,邮箱
2001,卢卡,2,1,12345678,2466863352@qq.com
20187680228,伊塔,2,1,nx9eu8,b9S2uMFy15OW@qq.com
2011772559,回忆,18,1,1m668z,lbybpmV@qq.com
2098113608,安妮,1,1,pq0q7w,YxiGrYBU7ig@qq.com
2055392526,安东尼,1,1,z13ri6,Npq45980@qq.com
2171726572,巴尔克,1,1,f8op9f,pNPls890pOZV@qq.com
2035128831,黛米,1,1,39kptk,uJ52389NP@qq.com
2031813122,艾玛,1,1,5oekuk,u9JBgo1@qq.com
209362298,瑟维,1,1,vnv98e,Vc81122@qq.com
2027176521,克利切,0,1,vmep2z,Wuk7sdDCoxp@qq.com
2009997568,艾米丽,0,0,f4gkzx,COX123G@qq.com
2098257912,特雷西,0,1,k12x38,Mx56Q5jc7a@qq.com
2047112004,玛格丽莎,0,1,kkrkl1,Vov123kd@qq.com
2069461291,库特,0,1,ii4d1g,ehz456PL@qq.com
2035616481,费欧娜,0,1,0qr3ik,3lrV4578@qq.com
2057568477,幸运儿,0,1,4yb8ge,sJnemH1@qq.com
2022871442,奈布,0,1,7ksoci,JSBJ3434@qq.com
2025447985,诺顿,0,1,krj45c,vmD059a@qq.com
2050090610,穆罗,0,1,qqchnv,spUODKs9lj@qq.com
2068095673,里奥,0,1,khfqhd,l4GYLdcCh@qq.com
2086789877,班恩,0,1,v8lgo0,123123jtP@qq.com
2081818020,罗比,0,1,82bezo,ZsST5Rb@qq.com
2080766926,威廉,0,1,vnby15,gSA9QaTwFhv@qq.com
2027136530,海伦娜,0,1,v87q66,mW23567R@qq.com
2007314030,薇拉,0,1,6n24mm,r2NbKZ7m@qq.com
2037822518,帕缇夏,0,1,v2dzma,xONHgYPk6py@qq.com
2017426961,凯文,0,0,o0orgy,b6wD123a@qq.com
2003439519,裘克,0,1,73n438,1KPaU7lzc@qq.com
2049372842,瓦尔莱塔,0,1,m08x11,K8mZaptxhq7@qq.com
2012345678,约瑟夫,0,0,00ymgi,StsXwWl@qq.com
2003,zz,0,1,12345678,2466863352@qq.com
